<keymap version="1" name="Visual Studio copy" parent="Visual Studio">
  <action id="$Cut">
    <keyboard-shortcut first-keystroke="ctrl x" />
  </action>
  <action id="$Redo">
    <keyboard-shortcut first-keystroke="ctrl y" />
    <keyboard-shortcut first-keystroke="shift ctrl y" />
  </action>
  <action id="$Undo">
    <keyboard-shortcut first-keystroke="ctrl z" />
    <keyboard-shortcut first-keystroke="shift ctrl z" />
  </action>
  <action id="AddRiderItem">
    <keyboard-shortcut first-keystroke="shift alt a" />
  </action>
  <action id="Arrangement.Alias.Rule.Match.Condition.Move.Down" />
  <action id="Arrangement.Rule.Group.Condition.Move.Down" />
  <action id="Arrangement.Rule.Group.Condition.Move.Up" />
  <action id="Arrangement.Rule.Match.Condition.Move.Down" />
  <action id="Arrangement.Rule.Match.Condition.Move.Up" />
  <action id="AssemblyDiffAction" />
  <action id="Back">
    <keyboard-shortcut first-keystroke="ctrl minus" />
    <mouse-shortcut keystroke="button4" />
  </action>
  <action id="BuildCurrentProject">
    <keyboard-shortcut first-keystroke="shift ctrl f7" />
  </action>
  <action id="BuildSolutionAction">
    <keyboard-shortcut first-keystroke="shift ctrl b" />
  </action>
  <action id="CIDR.Debugger.CopyAddress">
    <keyboard-shortcut first-keystroke="shift ctrl c" />
  </action>
  <action id="CIDR.Debugger.ImageViewerActions.CopyImage">
    <keyboard-shortcut first-keystroke="ctrl c" />
    <keyboard-shortcut first-keystroke="ctrl insert" />
  </action>
  <action id="CIDR.Debugger.ShowInMemoryView">
    <keyboard-shortcut first-keystroke="ctrl enter" />
  </action>
  <action id="CWMHostShowPopupAction" />
  <action id="CancelBuildAction">
    <keyboard-shortcut first-keystroke="ctrl f9" />
    <keyboard-shortcut first-keystroke="ctrl cancel" />
  </action>
  <action id="ChangesView.AddUnversioned">
    <keyboard-shortcut first-keystroke="ctrl alt a" />
  </action>
  <action id="ChangesView.ShelveSilently">
    <keyboard-shortcut first-keystroke="shift ctrl h" />
  </action>
  <action id="ChangesView.ToggleCommitUi">
    <keyboard-shortcut first-keystroke="ctrl alt k" />
  </action>
  <action id="ChangesView.UnshelveSilently">
    <keyboard-shortcut first-keystroke="ctrl alt u" />
  </action>
  <action id="CloneCaretAboveWithVirtualSpace">
    <keyboard-shortcut first-keystroke="shift alt up" />
  </action>
  <action id="CloneCaretBelowWithVirtualSpace">
    <keyboard-shortcut first-keystroke="shift alt down" />
  </action>
  <action id="CloseActiveTab" />
  <action id="CloseContent">
    <keyboard-shortcut first-keystroke="ctrl w" />
  </action>
  <action id="Code.Review.Editor.New.Comment">
    <keyboard-shortcut first-keystroke="shift ctrl x" />
  </action>
  <action id="CommentByBlockComment">
    <keyboard-shortcut first-keystroke="shift ctrl divide" />
  </action>
  <action id="CompareTwoFiles" />
  <action id="CompileFile">
    <keyboard-shortcut first-keystroke="ctrl f7" />
  </action>
  <action id="Console.Jdbc.BrowseHistory">
    <keyboard-shortcut first-keystroke="ctrl alt e" />
  </action>
  <action id="Console.Jdbc.Cancel">
    <keyboard-shortcut first-keystroke="shift f5" />
  </action>
  <action id="Console.Jdbc.Execute">
    <keyboard-shortcut first-keystroke="ctrl enter" />
  </action>
  <action id="Console.TableResult.AddColumn">
    <keyboard-shortcut first-keystroke="shift alt insert" />
  </action>
  <action id="Console.TableResult.AddRow">
    <keyboard-shortcut first-keystroke="alt insert" />
  </action>
  <action id="Console.TableResult.CloneColumn">
    <keyboard-shortcut first-keystroke="shift ctrl alt d" />
  </action>
  <action id="Console.TableResult.ColumnSortAsc">
    <keyboard-shortcut first-keystroke="alt up" />
  </action>
  <action id="Console.TableResult.ColumnSortDesc">
    <keyboard-shortcut first-keystroke="alt down" />
  </action>
  <action id="Console.TableResult.ColumnSortReset">
    <keyboard-shortcut first-keystroke="shift ctrl alt back_space" />
  </action>
  <action id="Console.TableResult.ColumnsList">
    <keyboard-shortcut first-keystroke="alt back_slash" />
  </action>
  <action id="Console.TableResult.CompareCells">
    <keyboard-shortcut first-keystroke="shift ctrl d" />
  </action>
  <action id="Console.TableResult.Copy">
    <keyboard-shortcut first-keystroke="ctrl c" />
    <keyboard-shortcut first-keystroke="ctrl insert" />
  </action>
  <action id="Console.TableResult.CopyAggregatorResult">
    <keyboard-shortcut first-keystroke="shift ctrl c" />
  </action>
  <action id="Console.TableResult.DeleteColumns">
    <keyboard-shortcut first-keystroke="shift alt delete" />
  </action>
  <action id="Console.TableResult.DeleteRows">
    <keyboard-shortcut first-keystroke="ctrl l" />
    <keyboard-shortcut first-keystroke="shift ctrl l" />
  </action>
  <action id="Console.TableResult.EditFilterCriteria">
    <keyboard-shortcut first-keystroke="shift ctrl alt f" />
  </action>
  <action id="Console.TableResult.EditValue">
    <keyboard-shortcut first-keystroke="alt enter" />
    <keyboard-shortcut first-keystroke="f2" />
  </action>
  <action id="Console.TableResult.FindInGrid">
    <keyboard-shortcut first-keystroke="ctrl f" />
    <keyboard-shortcut first-keystroke="alt f3" />
  </action>
  <action id="Console.TableResult.GotoReferencedResult">
    <keyboard-shortcut first-keystroke="alt enter" />
    <keyboard-shortcut first-keystroke="f2" />
  </action>
  <action id="Console.TableResult.GotoReferencingResult">
    <keyboard-shortcut first-keystroke="f12" />
  </action>
  <action id="Console.TableResult.HideEditMaximized">
    <keyboard-shortcut first-keystroke="shift escape" />
  </action>
  <action id="Console.TableResult.MaximizeEditingCell">
    <keyboard-shortcut first-keystroke="shift ctrl alt m" />
  </action>
  <action id="Console.TableResult.NavigateAction">
    <keyboard-shortcut first-keystroke="f4" />
  </action>
  <action id="Console.TableResult.NextPage">
    <keyboard-shortcut first-keystroke="ctrl alt down" />
  </action>
  <action id="Console.TableResult.OpenLocalFileAction">
    <keyboard-shortcut first-keystroke="f4" />
  </action>
  <action id="Console.TableResult.OpenWebUrlAction">
    <keyboard-shortcut first-keystroke="f4" />
  </action>
  <action id="Console.TableResult.PreviousPage">
    <keyboard-shortcut first-keystroke="ctrl alt up" />
  </action>
  <action id="Console.TableResult.Reload">
    <keyboard-shortcut first-keystroke="ctrl alt r" />
  </action>
  <action id="Console.TableResult.RevertSelected">
    <keyboard-shortcut first-keystroke="ctrl alt z" />
  </action>
  <action id="Console.TableResult.SelectRow">
    <keyboard-shortcut first-keystroke="shift space" />
  </action>
  <action id="Console.TableResult.SetDefault">
    <keyboard-shortcut first-keystroke="ctrl alt d" />
  </action>
  <action id="Console.TableResult.SetNull">
    <keyboard-shortcut first-keystroke="ctrl alt n" />
  </action>
  <action id="Console.TableResult.ShowRecordView">
    <keyboard-shortcut first-keystroke="shift ctrl enter" />
  </action>
  <action id="Console.TableResult.Submit">
    <keyboard-shortcut first-keystroke="ctrl enter" />
  </action>
  <action id="Console.TableResult.SubmitAndCommit">
    <keyboard-shortcut first-keystroke="shift ctrl alt enter" />
  </action>
  <action id="Console.Transaction.Commit">
    <keyboard-shortcut first-keystroke="shift ctrl alt enter" />
  </action>
  <action id="CppIncludesHierarchy">
    <keyboard-shortcut first-keystroke="shift alt h" />
  </action>
  <action id="DatabaseView.CopyDdlAction">
    <keyboard-shortcut first-keystroke="shift ctrl alt g" />
    <keyboard-shortcut first-keystroke="shift ctrl c" />
  </action>
  <action id="DatabaseView.DataSourceCopyAction">
    <keyboard-shortcut first-keystroke="ctrl c" />
    <keyboard-shortcut first-keystroke="ctrl insert" />
  </action>
  <action id="DatabaseView.DataSourceCutAction">
    <keyboard-shortcut first-keystroke="ctrl x" />
  </action>
  <action id="DatabaseView.DataSourcePasteAction">
    <keyboard-shortcut first-keystroke="ctrl v" />
    <keyboard-shortcut first-keystroke="shift insert" />
  </action>
  <action id="DatabaseView.Ddl.AlterObject">
    <keyboard-shortcut first-keystroke="ctrl r" second-keystroke="s" />
    <keyboard-shortcut first-keystroke="ctrl r" second-keystroke="ctrl s" />
  </action>
  <action id="DatabaseView.DeactivateAction">
    <keyboard-shortcut first-keystroke="shift f5" />
  </action>
  <action id="DatabaseView.DropAction">
    <keyboard-shortcut first-keystroke="delete" />
  </action>
  <action id="DatabaseView.FullTextSearch">
    <keyboard-shortcut first-keystroke="shift ctrl alt f" />
  </action>
  <action id="DatabaseView.MoveToGroup">
    <keyboard-shortcut first-keystroke="ctrl r" second-keystroke="o" />
    <keyboard-shortcut first-keystroke="ctrl r" second-keystroke="ctrl o" />
  </action>
  <action id="DatabaseView.OpenDdlInConsole">
    <keyboard-shortcut first-keystroke="shift ctrl alt b" />
  </action>
  <action id="DatabaseView.OpenFamilyAction">
    <keyboard-shortcut first-keystroke="f4" />
  </action>
  <action id="DatabaseView.PropertiesAction">
    <keyboard-shortcut first-keystroke="shift enter" />
  </action>
  <action id="DatabaseView.Refresh">
    <keyboard-shortcut first-keystroke="ctrl alt r" />
  </action>
  <action id="DatabaseView.SqlGenerator">
    <keyboard-shortcut first-keystroke="ctrl alt g" />
  </action>
  <action id="DatabaseView.Tools">
    <keyboard-shortcut first-keystroke="alt enter" />
    <keyboard-shortcut first-keystroke="ctrl period" />
    <keyboard-shortcut first-keystroke="shift alt f10" />
  </action>
  <action id="DatabaseView.Tools.RevertChanges">
    <keyboard-shortcut first-keystroke="ctrl alt z" />
  </action>
  <action id="DatabaseView.Tools.SubmitChanges">
    <keyboard-shortcut first-keystroke="ctrl alt k" />
  </action>
  <action id="DecreaseColumnWidth">
    <keyboard-shortcut first-keystroke="shift ctrl alt left" />
  </action>
  <action id="Diagram.DeleteSelection">
    <keyboard-shortcut first-keystroke="delete" />
  </action>
  <action id="Diagram.DeselectAll">
    <keyboard-shortcut first-keystroke="ctrl alt a" />
  </action>
  <action id="Diagram.SelectAll">
    <keyboard-shortcut first-keystroke="ctrl a" />
  </action>
  <action id="Diff.ShowDiff" />
  <action id="Docker.RemoteServers.ConnectServer">
    <keyboard-shortcut first-keystroke="ctrl enter" />
  </action>
  <action id="Docker.RemoteServers.EditServerConfig">
    <keyboard-shortcut first-keystroke="shift f4" />
  </action>
  <action id="Docker.RemoteServers.StartAllComposeApp">
    <keyboard-shortcut first-keystroke="ctrl enter" />
  </action>
  <action id="Docker.RemoteServers.StartComposeService">
    <keyboard-shortcut first-keystroke="ctrl enter" />
  </action>
  <action id="Docker.RemoteServers.StartContainer">
    <keyboard-shortcut first-keystroke="ctrl enter" />
  </action>
  <action id="Docker.RemoteServers.StopComposeApp">
    <keyboard-shortcut first-keystroke="shift f5" />
  </action>
  <action id="Docker.RemoteServers.StopComposeService">
    <keyboard-shortcut first-keystroke="shift f5" />
  </action>
  <action id="Docker.RemoteServers.StopContainer">
    <keyboard-shortcut first-keystroke="shift f5" />
  </action>
  <action id="Docker.RemoteServers.StopDeploy">
    <keyboard-shortcut first-keystroke="shift f5" />
  </action>
  <action id="DomCollectionControl.Add">
    <keyboard-shortcut first-keystroke="insert" />
  </action>
  <action id="DomCollectionControl.Edit">
    <keyboard-shortcut first-keystroke="f4" />
  </action>
  <action id="DomCollectionControl.Remove">
    <keyboard-shortcut first-keystroke="delete" />
  </action>
  <action id="DownloadBackendFileToClient">
    <keyboard-shortcut first-keystroke="shift ctrl d" />
  </action>
  <action id="DumpMLCompletionFeatures">
    <keyboard-shortcut first-keystroke="shift ctrl alt 9" />
  </action>
  <action id="EditPropertiesAction">
    <keyboard-shortcut first-keystroke="alt enter" />
    <keyboard-shortcut first-keystroke="ctrl period" />
    <keyboard-shortcut first-keystroke="shift alt f10" />
  </action>
  <action id="Editor Redo">
    <keyboard-shortcut first-keystroke="shift ctrl y" />
  </action>
  <action id="Editor Undo">
    <keyboard-shortcut first-keystroke="shift ctrl z" />
  </action>
  <action id="EditorAddOrRemoveCaret" />
  <action id="EditorBackSpace">
    <keyboard-shortcut first-keystroke="back_space" />
  </action>
  <action id="EditorChooseLookupItemDot" />
  <action id="EditorCloneCaretAbove">
    <keyboard-shortcut first-keystroke="ctrl page_up" />
  </action>
  <action id="EditorCloneCaretBelow">
    <keyboard-shortcut first-keystroke="ctrl page_down" />
  </action>
  <action id="EditorDeleteToWordEndInDifferentHumpsMode">
    <keyboard-shortcut first-keystroke="shift delete" />
    <keyboard-shortcut first-keystroke="shift ctrl delete" />
  </action>
  <action id="EditorDeleteToWordStartInDifferentHumpsMode">
    <keyboard-shortcut first-keystroke="shift back_space" />
    <keyboard-shortcut first-keystroke="shift ctrl back_space" />
  </action>
  <action id="EditorDuplicate" />
  <action id="EditorLeftWithSelection">
    <keyboard-shortcut first-keystroke="shift left" />
  </action>
  <action id="EditorMoveToPageBottom" />
  <action id="EditorMoveToPageTop" />
  <action id="EditorNextWordInDifferentHumpsMode">
    <keyboard-shortcut first-keystroke="alt right" />
  </action>
  <action id="EditorNextWordInDifferentHumpsModeWithSelection">
    <keyboard-shortcut first-keystroke="shift alt right" />
  </action>
  <action id="EditorPreviousWordInDifferentHumpsMode">
    <keyboard-shortcut first-keystroke="alt left" />
  </action>
  <action id="EditorPreviousWordInDifferentHumpsModeWithSelection">
    <keyboard-shortcut first-keystroke="shift alt left" />
  </action>
  <action id="EditorRightWithSelection">
    <keyboard-shortcut first-keystroke="shift right" />
  </action>
  <action id="EditorSelectWord">
    <keyboard-shortcut first-keystroke="ctrl alt right" />
  </action>
  <action id="EditorToggleUseSoftWraps" />
  <action id="EmmetNextEditPoint">
    <keyboard-shortcut first-keystroke="shift alt close_bracket" />
  </action>
  <action id="EmmetPreviousEditPoint">
    <keyboard-shortcut first-keystroke="shift alt open_bracket" />
  </action>
  <action id="EnableDaemon">
    <keyboard-shortcut first-keystroke="shift ctrl alt 8" />
  </action>
  <action id="FileChooser.GotoDesktop" />
  <action id="Generate.Missing.Members.ES6">
    <keyboard-shortcut first-keystroke="shift ctrl i" />
  </action>
  <action id="Generate.Missing.Members.TypeScript">
    <keyboard-shortcut first-keystroke="shift ctrl i" />
  </action>
  <action id="Git.Add">
    <keyboard-shortcut first-keystroke="ctrl alt a" />
  </action>
  <action id="Git.Branches">
    <keyboard-shortcut first-keystroke="shift ctrl back_quote" />
  </action>
  <action id="Git.Commit.Stage">
    <keyboard-shortcut first-keystroke="ctrl alt k" />
  </action>
  <action id="Git.CreateNewBranch.FromCommit">
    <keyboard-shortcut first-keystroke="ctrl alt n" />
  </action>
  <action id="Git.Log.Branches.Navigate.Log.To.Selected.Branch">
    <keyboard-shortcut first-keystroke="alt f1" />
  </action>
  <action id="Git.ShowBranches">
    <keyboard-shortcut first-keystroke="shift ctrl back_quote" />
  </action>
  <action id="Git.Stage.Add">
    <keyboard-shortcut first-keystroke="ctrl alt a" />
  </action>
  <action id="Git.Stage.Reset">
    <keyboard-shortcut first-keystroke="ctrl alt z" />
  </action>
  <action id="Git.Stage.Revert">
    <keyboard-shortcut first-keystroke="ctrl alt z" />
  </action>
  <action id="Git.Stash.Drop">
    <keyboard-shortcut first-keystroke="delete" />
  </action>
  <action id="GitLab.Merge.Request.List.Refresh">
    <keyboard-shortcut first-keystroke="ctrl alt r" />
  </action>
  <action id="GitLab.Merge.Request.Refresh">
    <keyboard-shortcut first-keystroke="ctrl alt r" />
  </action>
  <action id="Github.PullRequest.Details.Reload">
    <keyboard-shortcut first-keystroke="ctrl alt r" />
  </action>
  <action id="Github.PullRequest.List.Reload">
    <keyboard-shortcut first-keystroke="ctrl alt r" />
  </action>
  <action id="Github.PullRequest.Timeline.Update">
    <keyboard-shortcut first-keystroke="ctrl alt r" />
  </action>
  <action id="GoToControllerOrView">
    <keyboard-shortcut first-keystroke="alt o" />
    <keyboard-shortcut first-keystroke="ctrl k" second-keystroke="o" />
    <keyboard-shortcut first-keystroke="ctrl k" second-keystroke="ctrl o" />
  </action>
  <action id="GotoDeclaration">
    <keyboard-shortcut first-keystroke="f12" />
    <mouse-shortcut keystroke="control button1" />
  </action>
  <action id="GotoRow">
    <keyboard-shortcut first-keystroke="ctrl g" />
  </action>
  <action id="Graph.ApplyCurrentLayout">
    <keyboard-shortcut first-keystroke="shift f5" />
  </action>
  <action id="Graph.RouteEdges">
    <keyboard-shortcut first-keystroke="f5" />
  </action>
  <action id="Graph.ZoomIn">
    <keyboard-shortcut first-keystroke="add" />
  </action>
  <action id="Graph.ZoomOut">
    <keyboard-shortcut first-keystroke="subtract" />
  </action>
  <action id="HTTPClient.PreviewHtml.NavigateBack">
    <keyboard-shortcut first-keystroke="left" />
  </action>
  <action id="HTTPClient.PreviewHtml.NavigateForward">
    <keyboard-shortcut first-keystroke="right" />
  </action>
  <action id="IncreaseColumnWidth">
    <keyboard-shortcut first-keystroke="shift ctrl alt right" />
  </action>
  <action id="InspectThis">
    <keyboard-shortcut first-keystroke="shift ctrl alt a" />
  </action>
  <action id="JavaScript.ShowComponentUsages">
    <keyboard-shortcut first-keystroke="shift ctrl d" />
  </action>
  <action id="Jdbc.OpenConsole.New">
    <keyboard-shortcut first-keystroke="shift ctrl q" />
  </action>
  <action id="Jdbc.OpenConsole.New.Generate">
    <keyboard-shortcut first-keystroke="shift ctrl q" />
  </action>
  <action id="Jdbc.OpenEditor.Console">
    <keyboard-shortcut first-keystroke="f4" />
  </action>
  <action id="Jdbc.OpenEditor.DDL">
    <keyboard-shortcut first-keystroke="f12" />
  </action>
  <action id="Jdbc.OpenEditor.Data">
    <keyboard-shortcut first-keystroke="f4" />
  </action>
  <action id="Jdbc.OpenEditor.Grid.DDL">
    <keyboard-shortcut first-keystroke="ctrl alt f7" />
  </action>
  <action id="JsonPathExportEvaluateResultAction">
    <keyboard-shortcut first-keystroke="alt o" />
  </action>
  <action id="JumpToStatement">
    <keyboard-shortcut first-keystroke="shift ctrl f10" />
  </action>
  <action id="Kubernetes.RefreshModel">
    <keyboard-shortcut first-keystroke="ctrl alt r" />
  </action>
  <action id="LocateInSolutionView">
    <keyboard-shortcut first-keystroke="shift alt l" />
  </action>
  <action id="MaximizeToolWindow" />
  <action id="MethodDown" />
  <action id="MethodUp" />
  <action id="MoveLineDown">
    <keyboard-shortcut first-keystroke="alt down" />
  </action>
  <action id="MoveLineUp">
    <keyboard-shortcut first-keystroke="alt up" />
  </action>
  <action id="MoveStatementDown" />
  <action id="MoveStatementUp" />
  <action id="NavigateToImmediateWindow">
    <keyboard-shortcut first-keystroke="alt i" />
  </action>
  <action id="NewRiderProject">
    <keyboard-shortcut first-keystroke="shift ctrl n" />
  </action>
  <action id="NextTab" />
  <action id="OasEndpointsSidePanelSaveAction">
    <keyboard-shortcut first-keystroke="alt o" />
  </action>
  <action id="OpenExceptionSettings">
    <keyboard-shortcut first-keystroke="ctrl alt e" />
  </action>
  <action id="OpenWinFormsCodeAction">
    <keyboard-shortcut first-keystroke="f7" />
  </action>
  <action id="OpenWinFormsDesignerAction">
    <keyboard-shortcut first-keystroke="shift f7" />
  </action>
  <action id="ParameterInfo.GoToPreviousSignature">
    <keyboard-shortcut first-keystroke="shift ctrl p" />
  </action>
  <action id="PerforceDirect.Edit">
    <keyboard-shortcut first-keystroke="ctrl alt e" />
  </action>
  <action id="PreviousTab" />
  <action id="PublishGroup.UploadTo">
    <keyboard-shortcut first-keystroke="shift ctrl alt x" />
  </action>
  <action id="ReSharperGotoContainingDeclaration">
    <keyboard-shortcut first-keystroke="ctrl open_bracket" />
  </action>
  <action id="ReSharperGotoImplementation">
    <keyboard-shortcut first-keystroke="ctrl f12" />
    <mouse-shortcut keystroke="control alt button1" />
    <mouse-shortcut keystroke="button2" />
  </action>
  <action id="ReSharperGotoNextErrorInSolution">
    <keyboard-shortcut first-keystroke="alt f2" />
    <keyboard-shortcut first-keystroke="shift alt page_down" />
  </action>
  <action id="ReSharperGotoPrevErrorInSolution">
    <keyboard-shortcut first-keystroke="shift alt f2" />
    <keyboard-shortcut first-keystroke="shift alt page_up" />
  </action>
  <action id="ReSharperNavigateTo">
    <keyboard-shortcut first-keystroke="alt back_quote" />
    <keyboard-shortcut first-keystroke="alt dead_grave" />
  </action>
  <action id="ReSharperSelectContainingDeclaration">
    <keyboard-shortcut first-keystroke="shift ctrl open_bracket" />
  </action>
  <action id="RecentLocations" />
  <action id="ReformatWithPrettierAction">
    <keyboard-shortcut first-keystroke="shift ctrl alt p" />
  </action>
  <action id="RemoteHostView.CopyPaths">
    <keyboard-shortcut first-keystroke="shift ctrl c" />
  </action>
  <action id="RemoteHostView.EditSource">
    <keyboard-shortcut first-keystroke="f4" />
  </action>
  <action id="RemoteHostView.Rename">
    <keyboard-shortcut first-keystroke="f2" />
  </action>
  <action id="RemoteServers.EditServerConfig">
    <keyboard-shortcut first-keystroke="shift f4" />
  </action>
  <action id="RenameElement">
    <keyboard-shortcut first-keystroke="f2" />
  </action>
  <action id="ResetColumnsWidth">
    <keyboard-shortcut first-keystroke="shift ctrl alt up" />
  </action>
  <action id="Rider.Plugins.FSharp.SendToFsi">
    <keyboard-shortcut first-keystroke="ctrl back_slash" />
  </action>
  <action id="RiderCollapseToDefinitions">
    <keyboard-shortcut first-keystroke="ctrl m" second-keystroke="o" />
    <keyboard-shortcut first-keystroke="ctrl m" second-keystroke="ctrl o" />
  </action>
  <action id="RiderCoveringTestsPopupCoverAllTestsAction">
    <keyboard-shortcut first-keystroke="ctrl k" />
  </action>
  <action id="RiderCoveringTestsPopupCoverSelectedTestsAction">
    <keyboard-shortcut first-keystroke="ctrl c" />
  </action>
  <action id="RiderCoveringTestsPopupDebugAction" />
  <action id="RiderCoveringTestsPopupDebugSelectedTestsAction">
    <keyboard-shortcut first-keystroke="ctrl d" />
  </action>
  <action id="RiderCoveringTestsPopupRunAllTestsAction">
    <keyboard-shortcut first-keystroke="ctrl r" />
  </action>
  <action id="RiderCoveringTestsPopupRunSelectedTestsAction">
    <keyboard-shortcut first-keystroke="ctrl s" />
  </action>
  <action id="RiderDebuggerApplyEncChagnes">
    <keyboard-shortcut first-keystroke="alt f10" />
  </action>
  <action id="RiderEditSource">
    <keyboard-shortcut first-keystroke="f4" />
  </action>
  <action id="RiderEditSourceInRightSplit">
    <keyboard-shortcut first-keystroke="shift enter" />
  </action>
  <action id="RiderGenerateUnitTestAction">
    <keyboard-shortcut first-keystroke="ctrl u" second-keystroke="c" />
    <keyboard-shortcut first-keystroke="ctrl u" second-keystroke="ctrl c" />
  </action>
  <action id="RiderGoToLinkedTypesAction">
    <keyboard-shortcut first-keystroke="ctrl u" second-keystroke="g" />
    <keyboard-shortcut first-keystroke="ctrl u" second-keystroke="ctrl g" />
  </action>
  <action id="RiderNuGetContextPopupAction">
    <keyboard-shortcut first-keystroke="alt enter" />
    <keyboard-shortcut first-keystroke="ctrl period" />
    <keyboard-shortcut first-keystroke="shift alt f10" />
  </action>
  <action id="RiderNuGetCopyPackageNameAction">
    <keyboard-shortcut first-keystroke="ctrl c" />
    <keyboard-shortcut first-keystroke="ctrl insert" />
  </action>
  <action id="RiderNuGetQuickDocAction">
    <keyboard-shortcut first-keystroke="ctrl k" second-keystroke="i" />
    <keyboard-shortcut first-keystroke="ctrl k" second-keystroke="ctrl i" />
    <keyboard-shortcut first-keystroke="shift ctrl f1" />
  </action>
  <action id="RiderNuGetQuickListPopupAction">
    <keyboard-shortcut first-keystroke="shift alt n" />
  </action>
  <action id="RiderNuGetToggleDependenciesExpanderAction" />
  <action id="RiderNuGetToggleInfoExpanderAction">
    <keyboard-shortcut first-keystroke="ctrl i" />
  </action>
  <action id="RiderOpenSolution">
    <keyboard-shortcut first-keystroke="shift ctrl o" />
  </action>
  <action id="RiderProblemsViewToolsetContextPopupAction">
    <keyboard-shortcut first-keystroke="alt enter" />
    <keyboard-shortcut first-keystroke="ctrl period" />
    <keyboard-shortcut first-keystroke="shift alt f10" />
  </action>
  <action id="RiderProjectDiagramApplyCurrentLayout">
    <keyboard-shortcut first-keystroke="f5" />
  </action>
  <action id="RiderReattach">
    <keyboard-shortcut first-keystroke="shift alt p" />
  </action>
  <action id="RiderRemoveAllLineBreakpoints">
    <keyboard-shortcut first-keystroke="shift ctrl f9" />
  </action>
  <action id="RiderTypeHierarchy.BaseOnThisType">
    <keyboard-shortcut first-keystroke="ctrl e" second-keystroke="h" />
    <keyboard-shortcut first-keystroke="ctrl e" second-keystroke="ctrl h" />
  </action>
  <action id="RiderUnitTestAppendTestsAction">
    <keyboard-shortcut first-keystroke="ctrl u" second-keystroke="a" />
    <keyboard-shortcut first-keystroke="ctrl u" second-keystroke="ctrl a" />
  </action>
  <action id="RiderUnitTestAppendTestsTwAction">
    <keyboard-shortcut first-keystroke="ctrl alt insert" />
  </action>
  <action id="RiderUnitTestCoverSolutionAction">
    <keyboard-shortcut first-keystroke="ctrl u" second-keystroke="k" />
    <keyboard-shortcut first-keystroke="ctrl u" second-keystroke="ctrl k" />
  </action>
  <action id="RiderUnitTestDebugContextAction">
    <keyboard-shortcut first-keystroke="ctrl u" second-keystroke="d" />
    <keyboard-shortcut first-keystroke="ctrl u" second-keystroke="ctrl d" />
  </action>
  <action id="RiderUnitTestDebugContextTwAction" />
  <action id="RiderUnitTestDotMemoryUnitContextAction">
    <keyboard-shortcut first-keystroke="ctrl u" second-keystroke="m" />
    <keyboard-shortcut first-keystroke="ctrl u" second-keystroke="ctrl m" />
  </action>
  <action id="RiderUnitTestDotMemoryUnitSolutionAction">
    <keyboard-shortcut first-keystroke="ctrl u" second-keystroke="e" />
    <keyboard-shortcut first-keystroke="ctrl u" second-keystroke="ctrl e" />
  </action>
  <action id="RiderUnitTestFocusExplorerAction">
    <keyboard-shortcut first-keystroke="ctrl alt u" />
  </action>
  <action id="RiderUnitTestFocusSessionAction">
    <keyboard-shortcut first-keystroke="ctrl alt t" />
  </action>
  <action id="RiderUnitTestNewSessionAction">
    <keyboard-shortcut first-keystroke="ctrl u" second-keystroke="n" />
    <keyboard-shortcut first-keystroke="ctrl u" second-keystroke="ctrl n" />
  </action>
  <action id="RiderUnitTestNewSessionTwAction">
    <keyboard-shortcut first-keystroke="shift alt insert" />
  </action>
  <action id="RiderUnitTestQuickListPopupAction">
    <keyboard-shortcut first-keystroke="shift alt u" />
  </action>
  <action id="RiderUnitTestRemoveElementsFromSessionTwAction">
    <keyboard-shortcut first-keystroke="delete" />
  </action>
  <action id="RiderUnitTestRepeatPreviousRunAction">
    <keyboard-shortcut first-keystroke="ctrl u" second-keystroke="u" />
    <keyboard-shortcut first-keystroke="ctrl u" second-keystroke="ctrl u" />
  </action>
  <action id="RiderUnitTestRunContextAction">
    <keyboard-shortcut first-keystroke="ctrl u" second-keystroke="r" />
    <keyboard-shortcut first-keystroke="ctrl u" second-keystroke="ctrl r" />
  </action>
  <action id="RiderUnitTestRunContextTwAction">
    <keyboard-shortcut first-keystroke="shift enter" />
    <keyboard-shortcut first-keystroke="ctrl r" />
  </action>
  <action id="RiderUnitTestRunContextUntilFailAction">
    <keyboard-shortcut first-keystroke="ctrl u" second-keystroke="w" />
    <keyboard-shortcut first-keystroke="ctrl u" second-keystroke="ctrl w" />
  </action>
  <action id="RiderUnitTestRunCurrentSessionAction">
    <keyboard-shortcut first-keystroke="ctrl u" second-keystroke="y" />
    <keyboard-shortcut first-keystroke="ctrl u" second-keystroke="ctrl y" />
  </action>
  <action id="RiderUnitTestRunCurrentSessionTwAction">
    <keyboard-shortcut first-keystroke="ctrl y" />
  </action>
  <action id="RiderUnitTestRunSolutionAction">
    <keyboard-shortcut first-keystroke="ctrl u" second-keystroke="l" />
    <keyboard-shortcut first-keystroke="ctrl u" second-keystroke="ctrl l" />
  </action>
  <action id="RiderUnitTestRunSolutionTwAction">
    <keyboard-shortcut first-keystroke="ctrl l" />
  </action>
  <action id="RiderUnitTestRunTreeTwAction">
    <keyboard-shortcut first-keystroke="shift ctrl enter" />
  </action>
  <action id="RiderUnitTestSessionAbortAction">
    <keyboard-shortcut first-keystroke="ctrl u" second-keystroke="s" />
    <keyboard-shortcut first-keystroke="ctrl u" second-keystroke="ctrl s" />
  </action>
  <action id="RiderUnitTestSessionRerunFailedTestsAction">
    <keyboard-shortcut first-keystroke="ctrl u" second-keystroke="f" />
    <keyboard-shortcut first-keystroke="ctrl u" second-keystroke="ctrl f" />
  </action>
  <action id="RiderUnitTestTreeSelectionPopupAction">
    <keyboard-shortcut first-keystroke="alt enter" />
    <keyboard-shortcut first-keystroke="ctrl period" />
    <keyboard-shortcut first-keystroke="shift alt f10" />
  </action>
  <action id="RiderUnitTestTreeTextFilterAction">
    <keyboard-shortcut first-keystroke="ctrl f" />
    <keyboard-shortcut first-keystroke="alt f3" />
  </action>
  <action id="RunDashboard.CopyConfiguration" />
  <action id="RunJsbtTask">
    <keyboard-shortcut first-keystroke="shift ctrl alt f11" />
  </action>
  <action id="SchemaCompare.Cancel">
    <keyboard-shortcut first-keystroke="alt pause" />
  </action>
  <action id="SchemaCompare.Compare">
    <keyboard-shortcut first-keystroke="shift alt c" />
  </action>
  <action id="SchemaCompare.GenerateDeployScript">
    <keyboard-shortcut first-keystroke="shift alt g" />
  </action>
  <action id="SchemaCompare.SaveScmpFile">
    <keyboard-shortcut first-keystroke="ctrl s" />
  </action>
  <action id="SchemaCompare.UpdateTarget">
    <keyboard-shortcut first-keystroke="shift alt u" />
  </action>
  <action id="SelectNextOccurrence">
    <keyboard-shortcut first-keystroke="shift alt period" />
    <keyboard-shortcut first-keystroke="ctrl d" />
  </action>
  <action id="SendEOF" />
  <action id="Session.Rename">
    <keyboard-shortcut first-keystroke="f2" />
  </action>
  <action id="ShowContent" />
  <action id="ShowSearchHistory" />
  <action id="ShowUmlDiagram">
    <keyboard-shortcut first-keystroke="shift ctrl alt u" />
  </action>
  <action id="ShowUmlDiagramPopup">
    <keyboard-shortcut first-keystroke="ctrl alt u" />
  </action>
  <action id="Sql.EditParameter">
    <keyboard-shortcut first-keystroke="f4" />
  </action>
  <action id="Svn.RefreshWorkingCopies">
    <keyboard-shortcut first-keystroke="ctrl alt r" />
  </action>
  <action id="SwitchCodeToDesigner">
    <keyboard-shortcut first-keystroke="shift f7" />
  </action>
  <action id="SwitchDesignerToCode">
    <keyboard-shortcut first-keystroke="f7" />
  </action>
  <action id="Switcher">
    <keyboard-shortcut first-keystroke="ctrl quote" />
    <keyboard-shortcut first-keystroke="shift ctrl quote" />
  </action>
  <action id="SwitcherIterateItems" />
  <action id="SwitcherRecentEditedChangedToggleCheckBox" />
  <action id="TableResult.GrowSelection">
    <keyboard-shortcut first-keystroke="ctrl alt right" />
  </action>
  <action id="TableResult.SelectAllOccurrences">
    <keyboard-shortcut first-keystroke="shift alt semicolon" />
  </action>
  <action id="TableResult.SelectColumn">
    <keyboard-shortcut first-keystroke="ctrl alt right" />
  </action>
  <action id="TableResult.SelectNextOccurrence">
    <keyboard-shortcut first-keystroke="shift alt period" />
    <keyboard-shortcut first-keystroke="ctrl d" />
  </action>
  <action id="TableResult.ShrinkSelection">
    <keyboard-shortcut first-keystroke="shift alt minus" />
    <keyboard-shortcut first-keystroke="ctrl alt left" />
    <keyboard-shortcut first-keystroke="shift ctrl w" />
  </action>
  <action id="TableResult.UnselectPreviousOccurrence">
    <keyboard-shortcut first-keystroke="shift alt comma" />
  </action>
  <action id="TurnOffF10WinShortcut">
    <keyboard-shortcut first-keystroke="f10" />
  </action>
  <action id="UML.Find">
    <keyboard-shortcut first-keystroke="ctrl f" />
    <keyboard-shortcut first-keystroke="alt f3" />
  </action>
  <action id="UML.ShowChanges">
    <keyboard-shortcut first-keystroke="shift ctrl alt d" />
  </action>
  <action id="UML.ShowStructure">
    <keyboard-shortcut first-keystroke="alt back_slash" />
  </action>
  <action id="Uml.NewElement">
    <keyboard-shortcut first-keystroke="ctrl n" />
    <keyboard-shortcut first-keystroke="alt insert" />
  </action>
  <action id="Uml.NodeIntentions">
    <keyboard-shortcut first-keystroke="alt enter" />
    <keyboard-shortcut first-keystroke="ctrl period" />
    <keyboard-shortcut first-keystroke="shift alt f10" />
  </action>
  <action id="Uml.ShowDiff">
    <keyboard-shortcut first-keystroke="shift ctrl d" />
  </action>
  <action id="UsageView.ShowRecentFindUsages" />
  <action id="Vcs.CombinedDiff.CaretToNextBlock">
    <keyboard-shortcut first-keystroke="down" />
    <keyboard-shortcut first-keystroke="right" />
    <keyboard-shortcut first-keystroke="page_down" />
  </action>
  <action id="Vcs.CombinedDiff.CaretToPrevBlock">
    <keyboard-shortcut first-keystroke="up" />
    <keyboard-shortcut first-keystroke="left" />
    <keyboard-shortcut first-keystroke="page_up" />
  </action>
  <action id="Vcs.CombinedDiff.ToggleCollapseBlock">
    <keyboard-shortcut first-keystroke="ctrl escape" />
  </action>
  <action id="Vcs.CopyRevisionNumberAction">
    <keyboard-shortcut first-keystroke="shift ctrl alt c" />
  </action>
  <action id="Vcs.EditSource">
    <keyboard-shortcut first-keystroke="f4" />
  </action>
  <action id="Vcs.Log.GoToChild">
    <keyboard-shortcut first-keystroke="left" />
  </action>
  <action id="Vcs.Log.GoToParent">
    <keyboard-shortcut first-keystroke="right" />
  </action>
  <action id="Vcs.Log.GoToRef">
    <keyboard-shortcut first-keystroke="ctrl f" />
    <keyboard-shortcut first-keystroke="alt f3" />
  </action>
  <action id="Vcs.Log.Refresh">
    <keyboard-shortcut first-keystroke="ctrl alt r" />
  </action>
  <action id="Vcs.Log.ShowAllAffected">
    <keyboard-shortcut first-keystroke="shift alt a" />
  </action>
  <action id="Vcs.Log.ShowTooltip">
    <keyboard-shortcut first-keystroke="ctrl k" second-keystroke="i" />
    <keyboard-shortcut first-keystroke="ctrl k" second-keystroke="ctrl i" />
    <keyboard-shortcut first-keystroke="shift ctrl f1" />
  </action>
  <action id="Vcs.Push">
    <keyboard-shortcut first-keystroke="shift ctrl k" />
  </action>
  <action id="Vcs.ReformatCommitMessage">
    <keyboard-shortcut first-keystroke="ctrl alt enter" />
    <keyboard-shortcut first-keystroke="ctrl k" second-keystroke="f" />
    <keyboard-shortcut first-keystroke="ctrl k" second-keystroke="ctrl f" />
    <keyboard-shortcut first-keystroke="ctrl k" second-keystroke="d" />
    <keyboard-shortcut first-keystroke="ctrl k" second-keystroke="ctrl d" />
  </action>
  <action id="Vcs.RefreshFileHistory">
    <keyboard-shortcut first-keystroke="ctrl alt r" />
  </action>
  <action id="Vcs.Shelf.Drop">
    <keyboard-shortcut first-keystroke="delete" />
  </action>
  <action id="WD.UploadCurrentRemoteFileAction">
    <keyboard-shortcut first-keystroke="shift alt q" />
  </action>
  <action id="WebOpenInAction">
    <keyboard-shortcut first-keystroke="alt f2" />
    <keyboard-shortcut first-keystroke="ctrl alt f2" />
  </action>
  <action id="XDebugger.CopyWatch" />
  <action id="XPathView.Actions.Evaluate">
    <keyboard-shortcut first-keystroke="ctrl alt x" second-keystroke="e" />
  </action>
  <action id="XPathView.Actions.FindByExpression">
    <keyboard-shortcut first-keystroke="ctrl alt x" second-keystroke="f" />
  </action>
  <action id="XPathView.Actions.ShowPath">
    <keyboard-shortcut first-keystroke="ctrl alt x" second-keystroke="p" />
  </action>
  <action id="ZoomInIdeAction">
    <keyboard-shortcut first-keystroke="ctrl add" />
  </action>
  <action id="ZoomOutIdeAction">
    <keyboard-shortcut first-keystroke="ctrl subtract" />
  </action>
  <action id="com.jetbrains.rider.interactive.csi.SendToCSharpInteractive">
    <keyboard-shortcut first-keystroke="ctrl back_slash" />
  </action>
  <action id="context.clear">
    <keyboard-shortcut first-keystroke="shift alt x" />
  </action>
  <action id="context.load">
    <keyboard-shortcut first-keystroke="shift alt l" />
  </action>
  <action id="context.save">
    <keyboard-shortcut first-keystroke="shift alt s" />
  </action>
  <action id="hg4idea.QFold">
    <keyboard-shortcut first-keystroke="shift alt d" />
  </action>
  <action id="hg4idea.QGotoFromPatches">
    <keyboard-shortcut first-keystroke="shift alt g" />
  </action>
  <action id="hg4idea.QPushAction">
    <keyboard-shortcut first-keystroke="shift alt p" />
  </action>
  <action id="hg4idea.add">
    <keyboard-shortcut first-keystroke="ctrl alt a" />
  </action>
  <action id="openAssertEqualsDiff" />
  <action id="org.intellij.plugins.markdown.ui.actions.styling.InsertImageAction">
    <keyboard-shortcut first-keystroke="ctrl u" />
  </action>
  <action id="runShellFileAction">
    <keyboard-shortcut first-keystroke="ctrl alt f5" />
  </action>
  <action id="sql.ExtractFunctionAction">
    <keyboard-shortcut first-keystroke="ctrl r" second-keystroke="m" />
    <keyboard-shortcut first-keystroke="ctrl r" second-keystroke="ctrl m" />
  </action>
  <action id="sql.SelectInDatabaseView">
    <keyboard-shortcut first-keystroke="shift alt b" />
  </action>
  <action id="tasks.close">
    <keyboard-shortcut first-keystroke="shift alt w" />
  </action>
  <action id="tasks.open.in.browser">
    <keyboard-shortcut first-keystroke="shift alt b" />
  </action>
  <action id="tasks.switch">
    <keyboard-shortcut first-keystroke="shift alt t" />
  </action>
</keymap>